<CarShopXML>
  <car id="1" carmaker="ВАЗ">
    <model>Гранта</model>
    <yearofproduction>2012</yearofproduction>
    <horsepower>92</horsepower>
    <equipment>
      <carmats>Yes</carmats>
      <heatedseats>Yes</heatedseats>
      <climatecontrol>Yes</climatecontrol>
      <leatherinterior>No</leatherinterior>
      <heatedsteeringwheel>No</heatedsteeringwheel>
    </equipment>
  </car>
  <car id="2" carmaker="ВАЗ">
    <model>Веста</model>
    <yearofproduction>2017</yearofproduction>
    <horsepower>118</horsepower>
    <equipment>
      <carmats>Yes</carmats>
      <heatedseats>Yes</heatedseats>
      <climatecontrol>No</climatecontrol>
      <leatherinterior>No</leatherinterior>
      <heatedsteeringwheel>No</heatedsteeringwheel>
    </equipment>
  </car>
  <car id="3" carmaker="ВАЗ">
    <model>Калина</model>
    <yearofproduction>2007</yearofproduction>
    <horsepower>80</horsepower>
    <equipment>
      <carmats>Yes</carmats>
      <heatedseats>No</heatedseats>
      <climatecontrol>No</climatecontrol>
      <leatherinterior>No</leatherinterior>
      <heatedsteeringwheel>No</heatedsteeringwheel>
    </equipment>
  </car>
  <car id="4" carmaker="Mercedes">
    <model>GLC</model>
    <yearofproduction>2018</yearofproduction>
    <horsepower>160</horsepower>
    <equipment>
      <carmats>Yes</carmats>
      <heatedseats>Yes</heatedseats>
      <climatecontrol>Yes</climatecontrol>
      <leatherinterior>Yes</leatherinterior>
      <heatedsteeringwheel>Yes</heatedsteeringwheel>
    </equipment>
  </car>
  <car id="5" carmaker="Mercedes">
    <model>C</model>
    <yearofproduction>2020</yearofproduction>
    <horsepower>220</horsepower>
    <equipment>
      <carmats>Yes</carmats>
      <heatedseats>Yes</heatedseats>
      <climatecontrol>No</climatecontrol>
      <leatherinterior>No</leatherinterior>
      <heatedsteeringwheel>No</heatedsteeringwheel>
    </equipment>
  </car>
  <car id="6" carmaker="BMW">
    <model>X5</model>
    <yearofproduction>2017</yearofproduction>
    <horsepower>180</horsepower>
    <equipment>
      <carmats>Yes</carmats>
      <heatedseats>Yes</heatedseats>
      <climatecontrol>Yes</climatecontrol>
      <leatherinterior>No</leatherinterior>
      <heatedsteeringwheel>No</heatedsteeringwheel>
    </equipment>
  </car>
</CarShopXML>
