{
  "carshop" : [ {
    "carmaker": {
      "name" : "ВАЗ",
      "models" : [ {
        "model" : "Гранта",
        "yearofproduction" : "2012",
        "horsepower" : "92",
        "equipment" : {
          "carmats" : "Yes",
          "heatedseats" : "Yes",
          "climatecontrol" : "Yes",
          "leatherinterior" : "No",
          "heatedsteeringwheel" : "No"
        }
      }, {
        "model" : "Веста",
        "yearofproduction" : "2017",
        "horsepower" : "118",
        "equipment" : {
          "carmats" : "Yes",
          "heatedseats" : "Yes",
          "climatecontrol" : "No",
          "leatherinterior" : "No",
          "heatedsteeringwheel" : "No"
        }
      }, {
        "model" : "Калина",
        "yearofproduction" : "2007",
        "horsepower" : "80",
        "equipment" : {
          "carmats" : "Yes",
          "heatedseats" : "No",
          "climatecontrol" : "No",
          "leatherinterior" : "No",
          "heatedsteeringwheel" : "No"
        }
      } ]
    }
  }, {
    "carmaker": {
      "name" : "Mercedes",
      "models" : [ {
        "model" : "GLC",
        "yearofproduction" : "2018",
        "horsepower" : "160",
        "equipment" : {
          "carmats" : "Yes",
          "heatedseats" : "Yes",
          "climatecontrol" : "Yes",
          "leatherinterior" : "Yes",
          "heatedsteeringwheel" : "Yes"
        }
      }, {
        "model" : "C",
        "yearofproduction" : "2020",
        "horsepower" : "220",
        "equipment" : {
          "carmats" : "Yes",
          "heatedseats" : "Yes",
          "climatecontrol" : "No",
          "leatherinterior" : "No",
          "heatedsteeringwheel" : "No"
        }
      } ]
    }
  }, {
    "carmaker": {
      "name" : "BMW",
      "models" : [ {
        "model" : "X5",
        "yearofproduction" : "2017",
        "horsepower" : "180",
        "equipment" : {
          "carmats" : "Yes",
          "heatedseats" : "Yes",
          "climatecontrol" : "Yes",
          "leatherinterior" : "No",
          "heatedsteeringwheel" : "No"
        }
      } ]
    }
  } ]
}